millis,stamp,datetime,motion
1000, 1534776198, 2018/8/20 14:43:18, Active
1999, 1534776199, 2018/8/20 14:43:19, Active
2999, 1534776200, 2018/8/20 14:43:20, Active
3999, 1534776201, 2018/8/20 14:43:21, Active
4999, 1534776202, 2018/8/20 14:43:22, Active
5999, 1534776203, 2018/8/20 14:43:23, Active
6999, 1534776204, 2018/8/20 14:43:24, Active
7999, 1534776205, 2018/8/20 14:43:25, Active
8999, 1534776206, 2018/8/20 14:43:26, Active
9999, 1534776207, 2018/8/20 14:43:27, Active
10999, 1534776208, 2018/8/20 14:43:28, Active
11999, 1534776209, 2018/8/20 14:43:29, Active
12999, 1534776210, 2018/8/20 14:43:30, Active
13999, 1534776211, 2018/8/20 14:43:31, Active
14999, 1534776212, 2018/8/20 14:43:32, Active
16000, 1534776213, 2018/8/20 14:43:33, Active
16999, 1534776214, 2018/8/20 14:43:34, Active
17999, 1534776215, 2018/8/20 14:43:35, Active
18998, 1534776216, 2018/8/20 14:43:36, Active
19999, 1534776217, 2018/8/20 14:43:37, Active
20999, 1534776218, 2018/8/20 14:43:38, Active
21999, 1534776219, 2018/8/20 14:43:39, Active
22999, 1534776220, 2018/8/20 14:43:40, Active
23999, 1534776221, 2018/8/20 14:43:41, Active
24999, 1534776222, 2018/8/20 14:43:42, Active
25999, 1534776223, 2018/8/20 14:43:43, Inactive
26998, 1534776224, 2018/8/20 14:43:44, Inactive
27999, 1534776225, 2018/8/20 14:43:45, Inactive
28999, 1534776226, 2018/8/20 14:43:46, Inactive
29999, 1534776227, 2018/8/20 14:43:47, Inactive
30999, 1534776228, 2018/8/20 14:43:48, Inactive
32000, 1534776229, 2018/8/20 14:43:49, Inactive
32999, 1534776230, 2018/8/20 14:43:50, Inactive
33998, 1534776231, 2018/8/20 14:43:51, Inactive
34999, 1534776232, 2018/8/20 14:43:52, Active
35999, 1534776233, 2018/8/20 14:43:53, Active
36999, 1534776234, 2018/8/20 14:43:54, Active
37999, 1534776235, 2018/8/20 14:43:55, Active
38999, 1534776236, 2018/8/20 14:43:56, Active
39999, 1534776237, 2018/8/20 14:43:57, Active
40999, 1534776238, 2018/8/20 14:43:58, Active
41999, 1534776239, 2018/8/20 14:43:59, Active
42999, 1534776240, 2018/8/20 14:44:0, Active
43999, 1534776241, 2018/8/20 14:44:1, Active
44999, 1534776242, 2018/8/20 14:44:2, Active
45999, 1534776243, 2018/8/20 14:44:3, Active
46999, 1534776244, 2018/8/20 14:44:4, Active
48000, 1534776245, 2018/8/20 14:44:5, Inactive
48999, 1534776246, 2018/8/20 14:44:6, Inactive
49998, 1534776247, 2018/8/20 14:44:7, Inactive
50999, 1534776248, 2018/8/20 14:44:8, Inactive
51999, 1534776249, 2018/8/20 14:44:9, Inactive
52999, 1534776250, 2018/8/20 14:44:10, Inactive
54000, 1534776251, 2018/8/20 14:44:11, Inactive
54999, 1534776252, 2018/8/20 14:44:12, Inactive
55999, 1534776253, 2018/8/20 14:44:13, Inactive
56999, 1534776254, 2018/8/20 14:44:14, Inactive
57999, 1534776255, 2018/8/20 14:44:15, Inactive
58999, 1534776256, 2018/8/20 14:44:16, Inactive
59999, 1534776257, 2018/8/20 14:44:17, Inactive
60999, 1534776258, 2018/8/20 14:44:18, Inactive
61999, 1534776259, 2018/8/20 14:44:19, Inactive
62999, 1534776260, 2018/8/20 14:44:20, Inactive
64000, 1534776261, 2018/8/20 14:44:21, Inactive
64999, 1534776262, 2018/8/20 14:44:22, Inactive
65999, 1534776263, 2018/8/20 14:44:23, Active
66999, 1534776264, 2018/8/20 14:44:24, Active
67999, 1534776265, 2018/8/20 14:44:25, Active
68999, 1534776266, 2018/8/20 14:44:26, Active
69999, 1534776267, 2018/8/20 14:44:27, Active
70999, 1534776268, 2018/8/20 14:44:28, Active
71999, 1534776269, 2018/8/20 14:44:29, Active
72999, 1534776270, 2018/8/20 14:44:30, Active
73999, 1534776271, 2018/8/20 14:44:31, Inactive
74998, 1534776272, 2018/8/20 14:44:32, Inactive
75999, 1534776273, 2018/8/20 14:44:33, Inactive
76999, 1534776274, 2018/8/20 14:44:34, Active
77999, 1534776275, 2018/8/20 14:44:35, Active
78999, 1534776276, 2018/8/20 14:44:36, Active
80000, 1534776277, 2018/8/20 14:44:37, Active
80999, 1534776278, 2018/8/20 14:44:38, Active
81998, 1534776279, 2018/8/20 14:44:39, Active
82999, 1534776280, 2018/8/20 14:44:40, Active
83999, 1534776281, 2018/8/20 14:44:41, Active
84999, 1534776282, 2018/8/20 14:44:42, Active
85999, 1534776283, 2018/8/20 14:44:43, Inactive
86999, 1534776284, 2018/8/20 14:44:44, Inactive
87999, 1534776285, 2018/8/20 14:44:45, Inactive
88999, 1534776286, 2018/8/20 14:44:46, Inactive
89999, 1534776287, 2018/8/20 14:44:47, Inactive
90999, 1534776288, 2018/8/20 14:44:48, Inactive
91999, 1534776289, 2018/8/20 14:44:49, Inactive
92999, 1534776290, 2018/8/20 14:44:50, Inactive
93999, 1534776291, 2018/8/20 14:44:51, Inactive
94999, 1534776292, 2018/8/20 14:44:52, Inactive
96000, 1534776293, 2018/8/20 14:44:53, Inactive
96999, 1534776294, 2018/8/20 14:44:54, Inactive
97999, 1534776295, 2018/8/20 14:44:55, Inactive
98999, 1534776296, 2018/8/20 14:44:56, Inactive
99999, 1534776297, 2018/8/20 14:44:57, Inactive
100999, 1534776298, 2018/8/20 14:44:58, Inactive
101999, 1534776299, 2018/8/20 14:44:59, Inactive
102999, 1534776300, 2018/8/20 14:45:0, Inactive
103999, 1534776301, 2018/8/20 14:45:1, Inactive
104999, 1534776302, 2018/8/20 14:45:2, Inactive
105999, 1534776303, 2018/8/20 14:45:3, Inactive
106999, 1534776304, 2018/8/20 14:45:4, Inactive
107999, 1534776305, 2018/8/20 14:45:5, Inactive
108999, 1534776306, 2018/8/20 14:45:6, Inactive
109999, 1534776307, 2018/8/20 14:45:7, Inactive
110999, 1534776308, 2018/8/20 14:45:8, Inactive
112000, 1534776309, 2018/8/20 14:45:9, Inactive
113000, 1534776310, 2018/8/20 14:45:10, Inactive
113999, 1534776311, 2018/8/20 14:45:11, Inactive
114999, 1534776312, 2018/8/20 14:45:12, Inactive
115999, 1534776313, 2018/8/20 14:45:13, Inactive
116999, 1534776314, 2018/8/20 14:45:14, Inactive
117999, 1534776315, 2018/8/20 14:45:15, Inactive
118999, 1534776316, 2018/8/20 14:45:16, Inactive
119999, 1534776317, 2018/8/20 14:45:17, Inactive
120999, 1534776318, 2018/8/20 14:45:18, Inactive
121999, 1534776319, 2018/8/20 14:45:19, Inactive
122999, 1534776320, 2018/8/20 14:45:20, Inactive
123999, 1534776321, 2018/8/20 14:45:21, Inactive
124999, 1534776322, 2018/8/20 14:45:22, Inactive
125999, 1534776323, 2018/8/20 14:45:23, Inactive
126999, 1534776324, 2018/8/20 14:45:24, Inactive
128000, 1534776325, 2018/8/20 14:45:25, Inactive
128999, 1534776326, 2018/8/20 14:45:26, Inactive
129999, 1534776327, 2018/8/20 14:45:27, Inactive
130999, 1534776328, 2018/8/20 14:45:28, Inactive
131999, 1534776329, 2018/8/20 14:45:29, Inactive
132999, 1534776330, 2018/8/20 14:45:30, Inactive
133999, 1534776331, 2018/8/20 14:45:31, Active
134999, 1534776332, 2018/8/20 14:45:32, Active
135999, 1534776333, 2018/8/20 14:45:33, Active
136999, 1534776334, 2018/8/20 14:45:34, Active
137999, 1534776335, 2018/8/20 14:45:35, Active
139000, 1534776336, 2018/8/20 14:45:36, Active
139999, 1534776337, 2018/8/20 14:45:37, Active
140999, 1534776338, 2018/8/20 14:45:38, Active
141999, 1534776339, 2018/8/20 14:45:39, Active
142999, 1534776340, 2018/8/20 14:45:40, Active
144000, 1534776341, 2018/8/20 14:45:41, Active
144998, 1534776342, 2018/8/20 14:45:42, Active
145999, 1534776343, 2018/8/20 14:45:43, Active
146999, 1534776344, 2018/8/20 14:45:44, Active
147999, 1534776345, 2018/8/20 14:45:45, Active
148999, 1534776346, 2018/8/20 14:45:46, Inactive
149999, 1534776347, 2018/8/20 14:45:47, Inactive
151000, 1534776348, 2018/8/20 14:45:48, Inactive
151999, 1534776349, 2018/8/20 14:45:49, Inactive
152999, 1534776350, 2018/8/20 14:45:50, Inactive
153999, 1534776351, 2018/8/20 14:45:51, Inactive
154999, 1534776352, 2018/8/20 14:45:52, Inactive
155999, 1534776353, 2018/8/20 14:45:53, Inactive
156999, 1534776354, 2018/8/20 14:45:54, Inactive
157999, 1534776355, 2018/8/20 14:45:55, Inactive
158999, 1534776356, 2018/8/20 14:45:56, Inactive
159998, 1534776357, 2018/8/20 14:45:57, Inactive
160999, 1534776358, 2018/8/20 14:45:58, Inactive
161999, 1534776359, 2018/8/20 14:45:59, Inactive
162999, 1534776360, 2018/8/20 14:46:0, Inactive
163998, 1534776361, 2018/8/20 14:46:1, Inactive
164999, 1534776362, 2018/8/20 14:46:2, Inactive
165999, 1534776363, 2018/8/20 14:46:3, Inactive
166999, 1534776364, 2018/8/20 14:46:4, Inactive
167999, 1534776365, 2018/8/20 14:46:5, Inactive
168999, 1534776366, 2018/8/20 14:46:6, Inactive
169999, 1534776367, 2018/8/20 14:46:7, Inactive
170999, 1534776368, 2018/8/20 14:46:8, Inactive
